gameweek,home_team,away_team,home_score,away_score,finished
1,Arsenal,Coventry,3,0,True
1,Brentford,Spurs,3,0,True
1,Brighton,Aston Villa,4,0,True
1,Everton,Crystal Palace,2,0,True
1,Fulham,Chelsea,2,3,True
1,Hull,Man Utd,2,0,True
1,Ipswich,Sunderland,2,1,True
1,Man City,Bournemouth,2,1,True
1,Newcastle,Liverpool,2,2,True
1,Nott'm Forest,Leeds,0,1,True
2,Aston Villa,Arsenal,0,1,True
2,Bournemouth,Everton,1,1,True
2,Chelsea,Brighton,4,3,True
2,Coventry,Hull,0,1,True
2,Crystal Palace,Man City,1,4,True
2,Leeds,Brentford,1,1,True
2,Liverpool,Nott'm Forest,2,2,True
2,Man Utd,Ipswich,5,2,True
2,Spurs,Newcastle,0,2,True
2,Sunderland,Fulham,1,0,True
3,Arsenal,Chelsea,2,1,True
3,Brentford,Sunderland,1,1,True
3,Brighton,Leeds,1,1,True
3,Everton,Man Utd,2,2,True
3,Fulham,Crystal Palace,2,3,True
3,Hull,Aston Villa,0,0,True
3,Ipswich,Liverpool,0,2,True
3,Man City,Coventry,1,0,True
3,Newcastle,Bournemouth,2,2,True
3,Nott'm Forest,Spurs,0,0,True
4,Aston Villa,Nott'm Forest,1,2,True
4,Bournemouth,Brentford,2,2,True
4,Chelsea,Hull,2,2,True
4,Coventry,Brighton,0,5,True
4,Crystal Palace,Ipswich,2,3,True
4,Leeds,Newcastle,4,1,True
4,Liverpool,Fulham,0,0,True
4,Man Utd,Man City,0,1,True
4,Spurs,Everton,0,0,True
4,Sunderland,Arsenal,0,2,True
5,Bournemouth,Liverpool,,,False
5,Brentford,Chelsea,3,0,False
5,Brighton,Arsenal,,,False
5,Everton,Ipswich,,,False
5,Fulham,Man Utd,,,False
5,Leeds,Crystal Palace,,,False
5,Man City,Sunderland,,,False
5,Newcastle,Hull,,,False
5,Nott'm Forest,Coventry,,,False
5,Spurs,Aston Villa,0,0,False
6,Arsenal,Leeds,,,False
6,Aston Villa,Brentford,,,False
6,Chelsea,Bournemouth,,,False
6,Coventry,Newcastle,,,False
6,Crystal Palace,Nott'm Forest,,,False
6,Hull,Everton,,,False
6,Ipswich,Fulham,,,False
6,Liverpool,Man City,,,False
6,Man Utd,Spurs,,,False
6,Sunderland,Brighton,,,False
7,Bournemouth,Sunderland,,,False
7,Brentford,Liverpool,,,False
7,Brighton,Crystal Palace,,,False
7,Everton,Chelsea,,,False
7,Fulham,Hull,,,False
7,Leeds,Man Utd,,,False
7,Man City,Ipswich,,,False
7,Newcastle,Aston Villa,,,False
7,Nott'm Forest,Arsenal,,,False
7,Spurs,Coventry,,,False
8,Arsenal,Everton,,,False
8,Aston Villa,Man City,,,False
8,Chelsea,Spurs,,,False
8,Coventry,Fulham,,,False
8,Crystal Palace,Newcastle,,,False
8,Hull,Brentford,,,False
8,Ipswich,Nott'm Forest,,,False
8,Liverpool,Brighton,,,False
8,Man Utd,Bournemouth,,,False
8,Sunderland,Leeds,,,False
9,Aston Villa,Fulham,,,False
9,Bournemouth,Leeds,,,False
9,Brentford,Nott'm Forest,,,False
9,Chelsea,Man Utd,,,False
9,Coventry,Sunderland,,,False
9,Hull,Ipswich,,,False
9,Liverpool,Arsenal,,,False
9,Man City,Brighton,,,False
9,Newcastle,Everton,,,False
9,Spurs,Crystal Palace,,,False
10,Arsenal,Hull,,,False
10,Brighton,Brentford,,,False
10,Crystal Palace,Liverpool,,,False
10,Everton,Coventry,,,False
10,Fulham,Newcastle,,,False
10,Ipswich,Bournemouth,,,False
10,Leeds,Spurs,,,False
10,Man Utd,Aston Villa,,,False
10,Nott'm Forest,Man City,,,False
10,Sunderland,Chelsea,,,False
11,Aston Villa,Sunderland,,,False
11,Bournemouth,Nott'm Forest,,,False
11,Brentford,Everton,,,False
11,Chelsea,Leeds,,,False
11,Coventry,Crystal Palace,,,False
11,Hull,Brighton,,,False
11,Liverpool,Man Utd,,,False
11,Man City,Fulham,,,False
11,Newcastle,Arsenal,,,False
11,Spurs,Ipswich,,,False
12,Arsenal,Man City,,,False
12,Brighton,Newcastle,,,False
12,Crystal Palace,Hull,,,False
12,Everton,Liverpool,,,False
12,Fulham,Bournemouth,,,False
12,Ipswich,Aston Villa,,,False
12,Leeds,Coventry,,,False
12,Man Utd,Brentford,,,False
12,Nott'm Forest,Chelsea,,,False
12,Sunderland,Spurs,,,False
13,Aston Villa,Everton,,,False
13,Bournemouth,Brighton,,,False
13,Brentford,Arsenal,,,False
13,Chelsea,Crystal Palace,,,False
13,Coventry,Ipswich,,,False
13,Hull,Nott'm Forest,,,False
13,Liverpool,Sunderland,,,False
13,Man City,Leeds,,,False
13,Newcastle,Man Utd,,,False
13,Spurs,Fulham,,,False
14,Aston Villa,Crystal Palace,,,False
14,Bournemouth,Hull,,,False
14,Brentford,Man City,,,False
14,Chelsea,Liverpool,,,False
14,Everton,Fulham,,,False
14,Leeds,Ipswich,,,False
14,Man Utd,Coventry,,,False
14,Newcastle,Sunderland,,,False
14,Nott'm Forest,Brighton,,,False
14,Spurs,Arsenal,,,False
15,Arsenal,Bournemouth,,,False
15,Brighton,Everton,,,False
15,Coventry,Aston Villa,,,False
15,Crystal Palace,Man Utd,,,False
15,Fulham,Brentford,,,False
15,Hull,Spurs,,,False
15,Ipswich,Newcastle,,,False
15,Liverpool,Leeds,,,False
15,Man City,Chelsea,,,False
15,Sunderland,Nott'm Forest,,,False
16,Arsenal,Man Utd,,,False
16,Bournemouth,Coventry,,,False
16,Brentford,Newcastle,,,False
16,Brighton,Ipswich,,,False
16,Chelsea,Aston Villa,,,False
16,Leeds,Fulham,,,False
16,Liverpool,Spurs,,,False
16,Man City,Hull,,,False
16,Nott'm Forest,Everton,,,False
16,Sunderland,Crystal Palace,,,False
17,Aston Villa,Leeds,,,False
17,Coventry,Chelsea,,,False
17,Crystal Palace,Arsenal,,,False
17,Everton,Sunderland,,,False
17,Fulham,Brighton,,,False
17,Hull,Liverpool,,,False
17,Ipswich,Brentford,,,False
17,Man Utd,Nott'm Forest,,,False
17,Newcastle,Man City,,,False
17,Spurs,Bournemouth,,,False
18,Aston Villa,Liverpool,,,False
18,Coventry,Brentford,,,False
18,Crystal Palace,Bournemouth,,,False
18,Everton,Man City,,,False
18,Fulham,Arsenal,,,False
18,Hull,Leeds,,,False
18,Ipswich,Chelsea,,,False
18,Man Utd,Sunderland,,,False
18,Newcastle,Nott'm Forest,,,False
18,Spurs,Brighton,,,False
19,Arsenal,Ipswich,,,False
19,Bournemouth,Aston Villa,,,False
19,Brentford,Crystal Palace,,,False
19,Brighton,Man Utd,,,False
19,Chelsea,Newcastle,,,False
19,Leeds,Everton,,,False
19,Liverpool,Coventry,,,False
19,Man City,Spurs,,,False
19,Nott'm Forest,Fulham,,,False
19,Sunderland,Hull,,,False
20,Arsenal,Brentford,,,False
20,Brighton,Bournemouth,,,False
20,Crystal Palace,Chelsea,,,False
20,Everton,Aston Villa,,,False
20,Fulham,Spurs,,,False
20,Ipswich,Coventry,,,False
20,Leeds,Man City,,,False
20,Man Utd,Newcastle,,,False
20,Nott'm Forest,Hull,,,False
20,Sunderland,Liverpool,,,False
21,Aston Villa,Man Utd,,,False
21,Bournemouth,Ipswich,,,False
21,Brentford,Brighton,,,False
21,Chelsea,Sunderland,,,False
21,Coventry,Everton,,,False
21,Hull,Arsenal,,,False
21,Liverpool,Crystal Palace,,,False
21,Man City,Nott'm Forest,,,False
21,Newcastle,Fulham,,,False
21,Spurs,Leeds,,,False
22,Arsenal,Newcastle,,,False
22,Brighton,Man City,,,False
22,Crystal Palace,Spurs,,,False
22,Everton,Brentford,,,False
22,Fulham,Aston Villa,,,False
22,Ipswich,Hull,,,False
22,Leeds,Chelsea,,,False
22,Man Utd,Liverpool,,,False
22,Nott'm Forest,Bournemouth,,,False
22,Sunderland,Coventry,,,False
23,Aston Villa,Ipswich,,,False
23,Bournemouth,Fulham,,,False
23,Brentford,Man Utd,,,False
23,Chelsea,Nott'm Forest,,,False
23,Coventry,Leeds,,,False
23,Hull,Crystal Palace,,,False
23,Liverpool,Everton,,,False
23,Man City,Arsenal,,,False
23,Newcastle,Brighton,,,False
23,Spurs,Sunderland,,,False
24,Arsenal,Liverpool,,,False
24,Brighton,Hull,,,False
24,Crystal Palace,Coventry,,,False
24,Everton,Newcastle,,,False
24,Fulham,Man City,,,False
24,Ipswich,Spurs,,,False
24,Leeds,Bournemouth,,,False
24,Man Utd,Chelsea,,,False
24,Nott'm Forest,Brentford,,,False
24,Sunderland,Aston Villa,,,False
25,Aston Villa,Bournemouth,,,False
25,Coventry,Liverpool,,,False
25,Crystal Palace,Brentford,,,False
25,Everton,Leeds,,,False
25,Fulham,Nott'm Forest,,,False
25,Hull,Sunderland,,,False
25,Ipswich,Arsenal,,,False
25,Man Utd,Brighton,,,False
25,Newcastle,Chelsea,,,False
25,Spurs,Man City,,,False
26,Arsenal,Fulham,,,False
26,Bournemouth,Crystal Palace,,,False
26,Brentford,Coventry,,,False
26,Brighton,Spurs,,,False
26,Chelsea,Ipswich,,,False
26,Leeds,Aston Villa,,,False
26,Liverpool,Hull,,,False
26,Man City,Newcastle,,,False
26,Nott'm Forest,Man Utd,,,False
26,Sunderland,Everton,,,False
27,Aston Villa,Chelsea,,,False
27,Coventry,Bournemouth,,,False
27,Crystal Palace,Sunderland,,,False
27,Everton,Nott'm Forest,,,False
27,Fulham,Leeds,,,False
27,Hull,Man City,,,False
27,Ipswich,Brighton,,,False
27,Man Utd,Arsenal,,,False
27,Newcastle,Brentford,,,False
27,Spurs,Liverpool,,,False
28,Arsenal,Crystal Palace,,,False
28,Bournemouth,Spurs,,,False
28,Brentford,Ipswich,,,False
28,Brighton,Fulham,,,False
28,Chelsea,Coventry,,,False
28,Leeds,Hull,,,False
28,Liverpool,Aston Villa,,,False
28,Man City,Everton,,,False
28,Nott'm Forest,Newcastle,,,False
28,Sunderland,Man Utd,,,False
29,Aston Villa,Hull,,,False
29,Bournemouth,Newcastle,,,False
29,Chelsea,Arsenal,,,False
29,Coventry,Man City,,,False
29,Crystal Palace,Fulham,,,False
29,Leeds,Brighton,,,False
29,Liverpool,Ipswich,,,False
29,Man Utd,Everton,,,False
29,Spurs,Nott'm Forest,,,False
29,Sunderland,Brentford,,,False
30,Arsenal,Sunderland,,,False
30,Brentford,Bournemouth,,,False
30,Brighton,Coventry,,,False
30,Everton,Spurs,,,False
30,Fulham,Liverpool,,,False
30,Hull,Chelsea,,,False
30,Ipswich,Crystal Palace,,,False
30,Man City,Man Utd,,,False
30,Newcastle,Leeds,,,False
30,Nott'm Forest,Aston Villa,,,False
31,Aston Villa,Brighton,,,False
31,Bournemouth,Man City,,,False
31,Chelsea,Fulham,,,False
31,Coventry,Arsenal,,,False
31,Crystal Palace,Everton,,,False
31,Leeds,Nott'm Forest,,,False
31,Liverpool,Newcastle,,,False
31,Man Utd,Hull,,,False
31,Spurs,Brentford,,,False
31,Sunderland,Ipswich,,,False
32,Arsenal,Aston Villa,,,False
32,Brentford,Leeds,,,False
32,Brighton,Chelsea,,,False
32,Everton,Bournemouth,,,False
32,Fulham,Sunderland,,,False
32,Hull,Coventry,,,False
32,Ipswich,Man Utd,,,False
32,Man City,Crystal Palace,,,False
32,Newcastle,Spurs,,,False
32,Nott'm Forest,Liverpool,,,False
33,Aston Villa,Coventry,,,False
33,Bournemouth,Arsenal,,,False
33,Brentford,Fulham,,,False
33,Chelsea,Man City,,,False
33,Everton,Brighton,,,False
33,Leeds,Liverpool,,,False
33,Man Utd,Crystal Palace,,,False
33,Newcastle,Ipswich,,,False
33,Nott'm Forest,Sunderland,,,False
33,Spurs,Hull,,,False
34,Arsenal,Spurs,,,False
34,Brighton,Nott'm Forest,,,False
34,Coventry,Man Utd,,,False
34,Crystal Palace,Aston Villa,,,False
34,Fulham,Everton,,,False
34,Hull,Bournemouth,,,False
34,Ipswich,Leeds,,,False
34,Liverpool,Chelsea,,,False
34,Man City,Brentford,,,False
34,Sunderland,Newcastle,,,False
35,Bournemouth,Man Utd,,,False
35,Brentford,Aston Villa,,,False
35,Brighton,Sunderland,,,False
35,Everton,Hull,,,False
35,Fulham,Ipswich,,,False
35,Leeds,Arsenal,,,False
35,Man City,Liverpool,,,False
35,Newcastle,Coventry,,,False
35,Nott'm Forest,Crystal Palace,,,False
35,Spurs,Chelsea,,,False
36,Arsenal,Nott'm Forest,,,False
36,Aston Villa,Newcastle,,,False
36,Chelsea,Everton,,,False
36,Coventry,Spurs,,,False
36,Crystal Palace,Brighton,,,False
36,Hull,Fulham,,,False
36,Ipswich,Man City,,,False
36,Liverpool,Brentford,,,False
36,Man Utd,Leeds,,,False
36,Sunderland,Bournemouth,,,False
37,Bournemouth,Chelsea,,,False
37,Brentford,Hull,,,False
37,Brighton,Liverpool,,,False
37,Everton,Arsenal,,,False
37,Fulham,Coventry,,,False
37,Leeds,Sunderland,,,False
37,Man City,Aston Villa,,,False
37,Newcastle,Crystal Palace,,,False
37,Nott'm Forest,Ipswich,,,False
37,Spurs,Man Utd,,,False
38,Arsenal,Brighton,,,False
38,Aston Villa,Spurs,,,False
38,Chelsea,Brentford,,,False
38,Coventry,Nott'm Forest,,,False
38,Crystal Palace,Leeds,,,False
38,Hull,Newcastle,,,False
38,Ipswich,Everton,,,False
38,Liverpool,Bournemouth,,,False
38,Man Utd,Fulham,,,False
38,Sunderland,Man City,,,False
