model,gameweek,home_team,away_team,prob_home,prob_draw,prob_away,predicted_result,actual_result,predicted_label,actual_label,correct,home_elo,away_elo,elo_difference,home_goals,away_goals
elo_default,1,Aston Villa,Newcastle,0.4291205183158652,0.26708541974968203,0.30379406193445274,H,D,Home Win,Draw,False,1543.6000000000004,1543.6000000000004,60.0,0,0
elo_default,1,Brighton,Fulham,0.45939630745438664,0.2637900436818099,0.2768136488638035,H,D,Home Win,Draw,False,1523.6000000000004,1495.6000000000004,88.0,1,1
elo_default,1,Chelsea,Crystal Palace,0.49813940973320453,0.25788245828677175,0.24397813198002377,H,D,Home Win,Draw,False,1555.6000000000004,1491.6000000000004,124.0,0,0
elo_default,1,Leeds,Everton,0.38616042140700246,0.2696737407438843,0.34416583784911325,H,H,Home Win,Home Win,True,1431.6000000000004,1471.6000000000004,20.0,1,0
elo_default,1,Liverpool,Bournemouth,0.5487192644595623,0.24741219790942232,0.2038685376310154,H,H,Home Win,Home Win,True,1615.6000000000004,1503.6000000000004,172.0,4,2
elo_default,1,Man Utd,Arsenal,0.29596719594524457,0.2662652419095208,0.4377675621452347,A,A,Away Win,Away Win,True,1447.6000000000004,1575.6000000000004,-68.0,0,1
elo_default,1,Nott'm Forest,Brentford,0.4680378117148365,0.2626345392405581,0.26932764904460543,H,H,Home Win,Home Win,True,1539.6000000000004,1503.6000000000004,96.0,3,1
elo_default,1,Spurs,Burnley,0.42912051831586506,0.26708541974968203,0.30379406193445296,H,H,Home Win,Home Win,True,1431.6000000000004,1431.6000000000004,60.0,3,0
elo_default,1,Sunderland,West Ham,0.4075627755203599,0.268698604461224,0.323738620018416,H,H,Home Win,Home Win,True,1431.6000000000004,1451.6000000000004,40.0,3,0
elo_default,1,Wolves,Man City,0.30774092455460905,0.26745834561586546,0.4248007298295256,A,A,Away Win,Away Win,True,1447.6000000000004,1563.6000000000004,-56.0,0,4
elo_default,2,Arsenal,Leeds,0.5803123442770998,0.2393207090405674,0.18036694668233286,H,H,Home Win,Home Win,True,1584.1819963380005,1441.1800541644216,203.00194217357898,5,0
elo_default,2,Bournemouth,Wolves,0.4920125837667801,0.2589403458080271,0.24904707042519286,H,H,Home Win,Home Win,True,1497.048507268286,1438.7705980527496,118.27790921553628,1,0
elo_default,2,Brentford,Aston Villa,0.37897725258098874,0.2698569359862361,0.3511658114327751,H,H,Home Win,Home Win,True,1495.5871016267026,1542.3467354361862,13.240366190516397,1,0
elo_default,2,Burnley,Sunderland,0.4098114115899213,0.2685595277987506,0.3216290606113282,H,H,Home Win,Home Win,True,1422.8532645638145,1440.7617584449808,42.09150611883365,2,0
elo_default,2,Crystal Palace,Nott'm Forest,0.3718756872984359,0.2699652047323386,0.3581591079692256,H,D,Home Win,Draw,False,1494.1416127775321,1547.612898373298,6.5287144042340515,1,1
elo_default,2,Everton,Brighton,0.36525822194235724,0.2699999506855416,0.3647418273721011,H,H,Home Win,Home Win,True,1462.0199458355792,1521.7741734140945,0.24577242148461664,2,0
elo_default,2,Fulham,Man Utd,0.49215185482061236,0.25891680978093645,0.2489313353984512,H,H,Home Win,Home Win,True,1497.4258265859062,1439.0180036620002,118.407822923906,1,0
elo_default,2,Man City,Spurs,0.5693009425313084,0.24227548374713964,0.188423573721552,H,A,Home Win,Away Win,False,1572.429401947251,1440.3467354361862,192.08266651106487,0,2
elo_default,2,Newcastle,Liverpool,0.34695825967817423,0.26975587731513645,0.3832858630066893,A,A,Away Win,Away Win,True,1544.8532645638145,1622.1514927317148,-17.298228167900334,2,3
elo_default,2,West Ham,Chelsea,0.31308323717569025,0.26792047063096985,0.41899629219333995,A,A,Away Win,Away Win,True,1442.4382415550199,1553.0583872224686,-50.620145667448696,1,5
elo_default,3,Aston Villa,Crystal Palace,0.47086559050919197,0.26223602351957576,0.2668983859712322,H,A,Home Win,Away Win,False,1532.6248498476684,1494.00444698424,98.62040286342835,0,3
elo_default,3,Brighton,Man City,0.3788906617482435,0.26985869446685085,0.35125064378490556,H,H,Home Win,Home Win,True,1511.7793373597972,1558.6206282591536,13.158709100643591,2,1
elo_default,3,Chelsea,Fulham,0.49064827861653804,0.25916964575581103,0.25018207562765093,H,H,Home Win,Home Win,True,1561.9992566722922,1504.9936213916847,117.00563528060752,2,0
elo_default,3,Leeds,Newcastle,0.3237012217113144,0.26869620263921545,0.40760257564947017,A,D,Away Win,Draw,False,1435.1795081403693,1535.2165405970995,-40.03703245673023,0,0
elo_default,3,Liverpool,Arsenal,0.47408506306798615,0.2617701242040845,0.26414481272792933,H,H,Home Win,Home Win,True,1631.7882166984298,1590.1825423620528,101.60567433637698,1,0
elo_default,3,Man Utd,Burnley,0.4285574459819361,0.2671354257404995,0.30430712827756445,H,D,Home Win,Draw,False,1431.4502088562217,1431.9714410540287,59.47876780219303,2,2
elo_default,3,Nott'm Forest,West Ham,0.551047760918297,0.2468563348932467,0.20209590418845633,H,A,Home Win,Away Win,False,1547.7500641665902,1433.4973721051963,174.25269206139387,0,3
elo_default,3,Spurs,Bournemouth,0.3750543980564968,0.26992576508747806,0.3550198368560251,H,A,Home Win,Away Win,False,1454.1555091242838,1504.61885213487,9.536656989413814,0,1
elo_default,3,Sunderland,Brentford,0.3507243471506542,0.2698476074069968,0.3794280454423489,A,H,Away Win,Home Win,False,1431.643581954767,1505.3089872152204,-13.665405260453554,2,1
elo_default,3,Wolves,Everton,0.3852933262159843,0.26969975200668295,0.3450069217773328,H,A,Home Win,Away Win,False,1431.2002531861656,1472.0147818898765,19.18547129628905,2,3
elo_default,4,Arsenal,Nott'm Forest,0.48099547439196727,0.2607264796520299,0.25827804595600296,H,H,Home Win,Home Win,True,1582.2819448654534,1534.2605455992918,108.02139926616155,3,0
elo_default,4,Bournemouth,Brighton,0.42190430741753177,0.26769455237214484,0.3104011402103234,H,H,Home Win,Home Win,True,1514.8191977468746,1521.5029371801638,53.31626056671075,2,1
elo_default,4,Brentford,Chelsea,0.3497826271432695,0.26982671155189153,0.38039066130483895,A,D,Away Win,Draw,False,1495.0219502323034,1569.5945946424033,-14.572644410099883,2,2
elo_default,4,Burnley,Liverpool,0.22465031583645978,0.25332119067873005,0.5220284934848103,A,A,Away Win,Away Win,True,1433.2139442310724,1639.6888141950292,-146.47486996395673,0,1
elo_default,4,Crystal Palace,Sunderland,0.49826077829445464,0.2578610380575725,0.2438781836479729,H,D,Home Win,Draw,False,1506.0441190296197,1441.930618937684,124.11350009193575,0,0
elo_default,4,Everton,Aston Villa,0.38811260901385397,0.26961128534974904,0.34227610563639693,H,D,Home Win,Draw,False,1482.417645934263,1520.5851778022889,21.83246813197411,0,0
elo_default,4,Fulham,Leeds,0.49533575902962385,0.2583722570120362,0.24629198395833996,H,D,Home Win,Draw,False,1497.3982834215735,1436.0185216797508,121.37976174182268,0,0
elo_default,4,Man City,Man Utd,0.5556195451143146,0.2457461716041559,0.1986342832815296,H,H,Home Win,Home Win,True,1548.897028438787,1430.207705679178,178.689322759609,3,0
elo_default,4,Newcastle,Wolves,0.5503530741770662,0.24702284771525912,0.20262407810767466,H,H,Home Win,Home Win,True,1534.377527057718,1420.7973891417791,173.58013791593885,1,0
elo_default,4,West Ham,Spurs,0.4323964739287975,0.2667862143396678,0.30081731173153464,H,A,Home Win,Away Win,False,1446.9868906724946,1443.9551635122791,63.031727160215496,0,3
elo_default,5,Arsenal,Man City,0.46666416206863137,0.26282450572921084,0.27051133220215773,H,D,Home Win,Draw,False,1590.0547705810939,1555.3271758204592,94.7275947606347,1,1
elo_default,5,Bournemouth,Newcastle,0.410577727476046,0.2685105629307447,0.3209117095932094,H,D,Home Win,Draw,False,1523.7041660748025,1540.900237097024,42.80392897777847,0,0
elo_default,5,Brighton,Spurs,0.491014420391518,0.259108332537592,0.24987724707088996,H,H,Home Win,Home Win,True,1512.617968852236,1455.2709551342518,117.34701371798405,2,1
elo_default,5,Burnley,Nott'm Forest,0.3234357101338029,0.26867908472793983,0.40788520513825727,A,D,Away Win,Draw,False,1426.187726007556,1526.4877198836514,-40.299993876095414,1,1
elo_default,5,Fulham,Brentford,0.4286666008199111,0.267125764430241,0.30420763474984797,H,H,Home Win,Home Win,True,1494.9078456708608,1495.328030573919,59.57981509694173,2,1
elo_default,5,Liverpool,Everton,0.6018304817715784,0.23313119541835509,0.16503832281006656,H,H,Home Win,Home Win,True,1646.7150324185457,1481.9592809004885,224.7557515180572,2,1
elo_default,5,Man Utd,Chelsea,0.2791637583508156,0.2641305472999101,0.45670569434927427,A,H,Away Win,Home Win,False,1423.7775582975057,1569.2885143007877,-85.51095600328199,2,1
elo_default,5,Sunderland,Aston Villa,0.3477131023269377,0.26977601051306804,0.3825108871599942,A,D,Away Win,Draw,False,1444.4744448841486,1521.0435428360634,-16.569097951914728,1,1
elo_default,5,West Ham,Crystal Palace,0.3568008514814711,0.26994996429393675,0.3732491842245922,A,A,Away Win,Away Win,True,1435.671099050522,1503.500293083155,-7.8291940326330405,1,2
elo_default,5,Wolves,Leeds,0.4030156926601905,0.26895876826052456,0.32802553907928506,H,A,Home Win,Away Win,False,1414.274679102473,1438.5089594304636,35.76571967200948,1,3
elo_default,6,Aston Villa,Fulham,0.447536507291548,0.2652216555562166,0.28724183715223556,H,H,Home Win,Home Win,True,1520.6955649877327,1503.66325601016,77.03230897757271,3,1
elo_default,6,Brentford,Man Utd,0.48422025485589437,0.2602191766717535,0.25556056847235226,H,H,Home Win,Home Win,True,1486.5726202346198,1435.5529776574904,111.01964257712939,3,1
elo_default,6,Chelsea,Brighton,0.4694479018918503,0.26243706965699015,0.2681150284511596,H,A,Home Win,Away Win,False,1557.513094940803,1520.2065971190295,97.30649782177352,1,3
elo_default,6,Crystal Palace,Liverpool,0.28534642454252035,0.2649765621292875,0.44967701332819227,A,H,Away Win,Home Win,False,1513.3358097557236,1652.3471108289305,-79.01130107320682,2,1
elo_default,6,Everton,West Ham,0.48365257108278586,0.26030941452228307,0.2560380143949312,H,D,Home Win,Draw,False,1476.3272024901037,1425.8355823779532,110.49162011215049,1,1
elo_default,6,Leeds,Bournemouth,0.3508456024021777,0.26985019932546084,0.37930419827236156,A,D,Away Win,Draw,False,1449.2588609662728,1522.8075058959741,-13.548644929701368,2,2
elo_default,6,Man City,Burnley,0.567446516331488,0.24275893854543917,0.18979454512307284,H,H,Home Win,Home Win,True,1557.2887041191238,1427.0322209576004,190.25648316152342,3,1
elo_default,6,Newcastle,Arsenal,0.37946861876187915,0.2698467534876536,0.35068462775046727,H,A,Home Win,Away Win,False,1541.7968972758524,1588.0932422824292,13.703654993423243,1,2
elo_default,6,Nott'm Forest,Sunderland,0.5160483774833434,0.2545278528358903,0.2294237696807663,H,A,Home Win,Away Win,False,1525.643224933607,1444.8224227324793,140.82080220112766,0,1
elo_default,6,Spurs,Wolves,0.4768352076506107,0.261361899380237,0.2618028929691522,H,D,Home Win,Draw,False,1447.6823268674582,1403.524777566664,104.15754930079424,1,1
elo_default,7,Arsenal,West Ham,0.6071897385447542,0.23150406983313288,0.161306191622113,H,H,Home Win,Home Win,True,1598.3810821925433,1428.1117279448317,230.2693542477116,2,0
elo_default,7,Aston Villa,Burnley,0.5448678292928363,0.24831743825086106,0.20681473245630275,H,H,Home Win,Home Win,True,1529.0926182863395,1420.8087406696845,168.283877616655,2,1
elo_default,7,Bournemouth,Fulham,0.4585929100106313,0.26389267732620714,0.2775144126631616,H,H,Home Win,Home Win,True,1522.5229199372723,1495.2662027115532,87.25671722571906,3,1
elo_default,7,Brentford,Man City,0.3553435111504119,0.2699305193551883,0.3747259694943998,A,A,Away Win,Away Win,True,1494.2860233707843,1563.5121844070397,-9.226161036255462,0,1
elo_default,7,Chelsea,Liverpool,0.328595792345648,0.26899112181461515,0.40241308583973695,A,H,Away Win,Home Win,False,1545.499766206396,1640.7038049410737,-35.204038734677624,2,1
elo_default,7,Everton,Crystal Palace,0.37456286859672505,0.2699328223048715,0.3555043090984034,H,H,Home Win,Home Win,True,1474.0510569232251,1524.9791156435804,9.071941279644761,2,1
elo_default,7,Leeds,Spurs,0.4334553973966344,0.2666864871904867,0.2998581154128789,H,A,Home Win,Away Win,False,1449.5434469249747,1445.5320037206436,64.01144320433104,1,2
elo_default,7,Man Utd,Sunderland,0.3969982508156076,0.26925939201126864,0.3337423571731237,H,H,Home Win,Home Win,True,1427.8395745213259,1457.688668810505,30.15090571082078,2,0
elo_default,7,Newcastle,Nott'm Forest,0.4493750088597429,0.2650114985261229,0.2856134926141342,H,H,Home Win,Home Win,True,1531.5090573657383,1512.776978855581,78.73207851015718,2,0
elo_default,7,Wolves,Brighton,0.2973841088614306,0.26642175744992586,0.4361941336886436,A,A,Away Win,Away Win,True,1405.6751007134785,1532.2199258534365,-66.544825139958,0,1
elo_default,8,Brighton,Newcastle,0.43015811309334356,0.266992178450797,0.3028497084558595,H,H,Home Win,Home Win,True,1540.8318256051643,1539.8714422032822,60.960383401882154,2,1
elo_default,8,Burnley,Leeds,0.40324755128951223,0.2689461871155708,0.32780626159491705,H,H,Home Win,Home Win,True,1414.1892716380498,1438.2074741051372,35.98179753291265,2,0
elo_default,8,Crystal Palace,Bournemouth,0.41235715202989365,0.26839379635189536,0.31924905161821093,H,D,Home Win,Draw,False,1515.1697012385637,1530.7121349637976,44.45756627476612,3,3
elo_default,8,Fulham,Arsenal,0.3069050780700456,0.26738161852832615,0.4257133034016282,A,A,Away Win,Away Win,True,1487.076987685028,1603.922246723317,-56.84525903828899,0,1
elo_default,8,Liverpool,Man Utd,0.628624359432125,0.22465383425137023,0.14672180631650472,H,A,Home Win,Away Win,False,1629.9656320061329,1437.207015584901,252.75861642123186,1,2
elo_default,8,Man City,Everton,0.5251744673473759,0.2526691054132576,0.22215642723936652,H,H,Home Win,Home Win,True,1573.3183598235998,1483.8604713282418,149.45788849535802,2,0
elo_default,8,Nott'm Forest,Chelsea,0.37361636504472934,0.2699454252670509,0.3564382096882198,H,A,Home Win,Away Win,False,1504.4145940180372,1556.237939141337,8.17665487670024,0,3
elo_default,8,Spurs,Aston Villa,0.3453596109591892,0.26971033260624105,0.3849300564345698,A,A,Away Win,Away Win,True,1456.867976540481,1535.7120873179742,-18.844110777493142,1,2
elo_default,8,Sunderland,Wolves,0.48447651098032823,0.2601783122204004,0.25534517679927143,H,H,Home Win,Home Win,True,1448.32122774693,1397.0632009617507,111.25802678517925,1,0
elo_default,8,West Ham,Brentford,0.3629956926897603,0.2699970239128141,0.3670072833974256,A,A,Away Win,Away Win,True,1422.5705634140581,1484.4798479542242,-1.909284540166027,0,2
elo_default,9,Arsenal,Crystal Palace,0.5346647526280449,0.25062998257623154,0.21470526479572352,H,H,Home Win,Home Win,True,1612.7341644700011,1514.238620234447,158.49554423555423,1,0
elo_default,9,Aston Villa,Man City,0.39152179504970525,0.2694893386263456,0.33898886632394915,H,H,Home Win,Home Win,True,1545.3163828632205,1580.2881794225198,25.028203440700736,1,0
elo_default,9,Bournemouth,Nott'm Forest,0.46954923851525276,0.2624227824031788,0.26802797908156845,H,H,Home Win,Home Win,True,1531.6432159679143,1494.242812464472,97.40040350344225,2,0
elo_default,9,Brentford,Liverpool,0.3030988618261588,0.26701692996197224,0.429884208211869,A,H,Away Win,Home Win,False,1494.4397320471476,1615.1466064749766,-60.70687442782901,3,2
elo_default,9,Chelsea,Sunderland,0.547041629283316,0.24780868252690683,0.2051496881897772,H,A,Home Win,Away Win,False,1566.409720694902,1456.0299144051194,170.37980628978266,1,2
elo_default,9,Everton,Spurs,0.46115460244068085,0.2635625699673707,0.2752828275919484,H,A,Home Win,Away Win,False,1476.890651729322,1447.2636809952348,89.62697073408708,0,3
elo_default,9,Leeds,West Ham,0.446799800846273,0.26530464940621645,0.2878955497475105,H,H,Home Win,Home Win,True,1428.9618870020831,1412.6106793211347,76.35120768094839,2,1
elo_default,9,Man Utd,Brighton,0.3262340034892692,0.26885368967393813,0.40491230683679275,A,H,Away Win,Home Win,False,1452.0260411160573,1549.5587415587895,-37.53270044273222,4,2
elo_default,9,Newcastle,Fulham,0.4862189304829543,0.2598983025261323,0.25388276699091333,H,H,Home Win,Home Win,True,1531.144526249657,1478.2650699383437,112.87945631131333,2,1
elo_default,9,Wolves,Burnley,0.39247380861160486,0.26945237136936667,0.33807382001902847,H,A,Home Win,Away Win,False,1389.3545143035612,1423.4348587411039,25.919655562457365,2,3
elo_default,10,Brighton,Leeds,0.5376998777003437,0.24995506689409794,0.21234505540555837,H,H,Home Win,Home Win,True,1538.7719585253142,1437.3728444910955,161.39911403421866,3,0
elo_default,10,Burnley,Arsenal,0.24261020416647183,0.2575873918221491,0.49980240401137904,A,A,Away Win,Away Win,True,1433.9788586270297,1619.5345695916778,-125.55571096464814,0,2
elo_default,10,Crystal Palace,Brentford,0.43099039116337673,0.2669163641935992,0.3020932446430241,H,H,Home Win,Home Win,True,1507.4382151127702,1505.7075855110047,61.730629601765486,1,0
elo_default,10,Fulham,Wolves,0.5276167035000681,0.25215468367328137,0.22022861282665063,H,H,Home Win,Home Win,True,1470.5884315732642,1378.8105144176354,151.77791715562876,2,0
elo_default,10,Liverpool,Aston Villa,0.4821427057378099,0.2605474794778426,0.25730981478434756,H,H,Home Win,Home Win,True,1603.8787530111194,1554.791053575963,109.08769943515654,2,0
elo_default,10,Man City,Bournemouth,0.4628385672905969,0.26334104741355735,0.27382038529584574,H,H,Home Win,Home Win,True,1570.8135087097774,1539.6280033735775,91.18550533619987,3,1
elo_default,10,Nott'm Forest,Man Utd,0.4544721453182399,0.26440622091069915,0.281121633771061,H,D,Home Win,Draw,False,1486.258025058809,1462.8128241495326,83.44520090927631,2,2
elo_default,10,Spurs,Chelsea,0.3299532844592387,0.26906602245601574,0.40098069308474565,A,A,Away Win,Away Win,True,1459.1223987437222,1552.9908012839667,-33.86840254024446,0,1
elo_default,10,Sunderland,Everton,0.43389367018044367,0.2666447820428829,0.2994615477766735,H,D,Home Win,Draw,False,1469.4488338160547,1465.0319339808345,64.41689983522019,1,1
elo_default,10,West Ham,Newcastle,0.28955890214961055,0.2655122876029077,0.44492881024748177,A,H,Away Win,Home Win,False,1404.1997218321223,1538.8211646147365,-74.62144278261417,2,1
elo_default,11,Aston Villa,Bournemouth,0.44590202404899765,0.2654048450600755,0.2886931308909268,H,H,Home Win,Home Win,True,1547.0393824854975,1531.518185193525,75.52119729197261,4,0
elo_default,11,Brentford,Newcastle,0.39654679633116824,0.26927992706238435,0.3341732766064475,H,H,Home Win,Home Win,True,1496.9965569762082,1527.2674655337578,29.729091442450454,3,1
elo_default,11,Chelsea,Wolves,0.6264057665901697,0.22538835920740266,0.14820587420242778,H,H,Home Win,Home Win,True,1562.2805271977115,1371.8843953243695,250.39613187334203,3,0
elo_default,11,Crystal Palace,Brighton,0.39751200943592263,0.26923567900742873,0.3332523115566486,H,D,Home Win,Draw,False,1516.1492436475667,1545.5184103023664,30.630833345200244,0,0
elo_default,11,Everton,Fulham,0.4171007011083269,0.2680616514875036,0.3148376474041695,H,H,Home Win,Home Win,True,1466.3762552048722,1477.51455066653,48.86170453834211,2,0
elo_default,11,Man City,Liverpool,0.39394118782807463,0.2693929098201479,0.33666590235177746,H,H,Home Win,Home Win,True,1578.92332688983,1611.6304241015848,27.2929027882451,3,0
elo_default,11,Nott'm Forest,Leeds,0.4873130922870841,0.25972055370087116,0.25296635401204476,H,H,Home Win,Home Win,True,1484.524519943337,1430.6263927140433,113.89812722929378,3,1
elo_default,11,Spurs,Man Utd,0.41324932472966586,0.26833364052314346,0.31841703474719074,H,D,Home Win,Draw,False,1449.8326728299774,1464.5463292650045,45.28634356497287,2,2
elo_default,11,Sunderland,Arsenal,0.26667855889220193,0.2621993845927337,0.4711220565150644,A,D,Away Win,Draw,False,1468.104512592017,1626.9626475932287,-98.85813500121162,2,2
elo_default,11,West Ham,Burnley,0.417468159544054,0.2680346597718235,0.3144971806841225,H,H,Home Win,Home Win,True,1415.753420913101,1426.5507806254789,49.202640287622216,3,2
elo_default,12,Arsenal,Spurs,0.6127499225517969,0.22977979432947127,0.15747028311873185,H,H,Home Win,Home Win,True,1624.918212617,1448.8843499301527,236.03386268684744,4,1
elo_default,12,Bournemouth,West Ham,0.5345297660965387,0.25065974326529106,0.21481049063817018,H,D,Home Win,Draw,False,1523.0902741251057,1424.7237111245017,158.36656300060395,2,2
elo_default,12,Brighton,Brentford,0.47212526222046863,0.2620552754110177,0.2658194623685138,H,H,Home Win,Home Win,True,1546.161007281159,1506.372821778961,99.78818550219808,2,1
elo_default,12,Burnley,Chelsea,0.2750094092810943,0.2635214674400652,0.46146912327884043,A,A,Away Win,Away Win,True,1417.5804904140782,1567.4985282738342,-89.91803785975594,0,2
elo_default,12,Fulham,Sunderland,0.42737952920719985,0.2672386837202915,0.3053817870725087,H,H,Home Win,Home Win,True,1468.5371812035717,1470.1489475682456,58.38823363532606,1,0
elo_default,12,Leeds,Aston Villa,0.29160748957627164,0.2657610712068053,0.4426314392169231,A,A,Away Win,Away Win,True,1422.9698600967936,1555.4672935539168,-72.49743345712318,1,2
elo_default,12,Liverpool,Nott'm Forest,0.5466709410080244,0.24789583680740307,0.2054332221845726,H,A,Home Win,Away Win,False,1602.2031769563478,1492.1810525605867,170.022124395761,0,3
elo_default,12,Man Utd,Everton,0.4184797190704429,0.2679594210599306,0.31356085986962645,H,A,Home Win,Away Win,False,1465.4946521648292,1475.3536246678307,50.141027496998504,0,1
elo_default,12,Newcastle,Man City,0.3540584790465379,0.26991070883075347,0.3760308121227086,A,H,Away Win,Home Win,False,1517.891200731005,1588.350574035067,-10.459373304061955,2,1
elo_default,12,Wolves,Crystal Palace,0.2760225239108304,0.2636730469967816,0.4603044290923881,A,A,Away Win,Away Win,True,1366.666394248247,1515.506646668774,-88.84025242052712,0,2
elo_default,13,Aston Villa,Wolves,0.6404027346040635,0.22065525585608473,0.13894200953985184,H,H,Home Win,Home Win,True,1563.9570540575103,1358.5092133000624,265.4478407574479,1,0
elo_default,13,Brentford,Burnley,0.524682282549448,0.25277190915747927,0.2225458082930728,H,H,Home Win,Home Win,True,1498.4358797774805,1409.4450875540556,148.99079222342493,3,1
elo_default,13,Chelsea,Arsenal,0.37054593927554447,0.2699773401864862,0.3594767205379693,H,D,Home Win,Draw,False,1575.6339311338568,1630.3654162226694,5.268514911187367,1,1
elo_default,13,Crystal Palace,Man Utd,0.5037126458255753,0.25688029938159357,0.23940705479283106,H,A,Home Win,Away Win,False,1523.6638276169585,1454.445463572821,129.21836404413762,1,2
elo_default,13,Everton,Newcastle,0.3843425446547477,0.26972704804749853,0.34593040729775376,H,A,Home Win,Away Win,False,1486.402813259839,1528.1109240617668,18.291889198072113,1,4
elo_default,13,Man City,Leeds,0.600751664650615,0.23345460429430812,0.16579373105507694,H,H,Home Win,Home Win,True,1578.1308507043052,1414.4800995932,223.65075111110514,3,2
elo_default,13,Nott'm Forest,Brighton,0.3771279328080445,0.2698921479530065,0.35297991923894906,H,A,Home Win,Away Win,False,1505.5934297488213,1554.0979492826395,11.495480466181789,0,2
elo_default,13,Spurs,Fulham,0.3926877617143078,0.2694438888784736,0.33786834940721855,H,A,Home Win,Away Win,False,1443.4371463244834,1477.3172037822249,26.119942542258514,1,2
elo_default,13,Sunderland,Bournemouth,0.3665513376430361,0.26999822177583144,0.36345044058113257,H,H,Home Win,Home Win,True,1461.3689249895924,1519.893081370522,1.4758436190704742,3,2
elo_default,13,West Ham,Liverpool,0.26482209699839815,0.261886125067939,0.47329177793366284,A,A,Away Win,Away Win,True,1427.9209038790855,1588.7907997681132,-100.8698958890277,0,2
elo_default,14,Arsenal,Brentford,0.5621519478994942,0.24411677721707523,0.1937312748834306,H,H,Home Win,Home Win,True,1630.476108410045,1505.4145150349168,185.06159337512827,2,0
elo_default,14,Bournemouth,Everton,0.4657763679504885,0.2629460199990509,0.27127761205046075,H,A,Home Win,Away Win,False,1509.924090341141,1476.018691886269,93.90539845487206,0,1
elo_default,14,Brighton,Aston Villa,0.42414978244975937,0.26751240144760924,0.30833781610263133,H,A,Home Win,Away Win,False,1564.3394294183306,1568.9424468068682,55.39698261146236,2,4
elo_default,14,Burnley,Crystal Palace,0.3151447379229652,0.2680858296891178,0.4167694323879171,A,A,Away Win,Away Win,True,1402.4664522966193,1511.0207717066312,-48.554319410011885,0,1
elo_default,14,Fulham,Man City,0.32787315605942563,0.26895003348479146,0.403176810455783,A,D,Away Win,Draw,False,1487.8653979052958,1583.7812713683497,-35.91587346305391,4,4
elo_default,14,Leeds,Chelsea,0.2594865003369393,0.2609471863933465,0.4795663132697142,A,H,Away Win,Home Win,False,1408.8296789291555,1575.5232389464811,-106.69356001732558,3,1
elo_default,14,Liverpool,Sunderland,0.5624652066262891,0.24403736595810552,0.19349742741560552,H,A,Home Win,Away Win,False,1596.7061029587605,1471.3379160189734,185.36818693978717,0,1
elo_default,14,Man Utd,West Ham,0.4799854432281657,0.2608827223244401,0.2591318344473942,H,D,Home Win,Draw,False,1467.0885194831483,1420.005600688438,107.08291879471017,1,1
elo_default,14,Newcastle,Spurs,0.5420848180705818,0.24896054585546645,0.20895463607395168,H,D,Home Win,Draw,False,1538.4950454353368,1432.8889522014124,165.6060932339244,2,2
elo_default,14,Wolves,Nott'm Forest,0.28265891522618375,0.26461761385519983,0.4527234709186164,A,A,Away Win,Away Win,True,1353.5238205507044,1495.3519496131303,-81.82812906242589,0,1
elo_default,15,Aston Villa,Arsenal,0.3684803386058171,0.2699910627793937,0.3615285986147892,H,H,Home Win,Home Win,True,1580.1005664703396,1636.7919016798844,3.3086647904551683,2,1
elo_default,15,Bournemouth,Chelsea,0.35939844975634816,0.2699766920327471,0.37062485821090474,A,D,Away Win,Draw,False,1497.9791027821407,1563.3224408171534,-5.343338035012721,0,0
elo_default,15,Brighton,West Ham,0.5681686232845066,0.24257116830536402,0.18926020841012953,H,D,Home Win,Draw,False,1553.1813097548593,1422.2141367762458,190.96717297861346,1,1
elo_default,15,Everton,Nott'm Forest,0.4122008789623067,0.268404222604934,0.3193948984327593,H,H,Home Win,Home Win,True,1487.9636794452692,1503.6513040562058,44.31237538906339,2,0
elo_default,15,Fulham,Crystal Palace,0.3953536834968737,0.26933283472146596,0.33531348178166037,H,A,Home Win,Away Win,False,1488.6184344492594,1520.0045247619817,28.613909687277783,1,2
elo_default,15,Leeds,Liverpool,0.2637951279122126,0.26170987200318924,0.4744950000845983,A,D,Away Win,Draw,False,1421.0304770584833,1583.0164251666538,-101.98594810817053,3,3
elo_default,15,Man City,Sunderland,0.5341467331283422,0.2507440723593476,0.21510919451231017,H,H,Home Win,Home Win,True,1583.0282348243861,1485.0275938110801,158.000641013306,3,0
elo_default,15,Newcastle,Burnley,0.5789874609583247,0.23968383926225295,0.18132869977942248,H,H,Home Win,Home Win,True,1535.1637436153705,1393.4826992412688,201.6810443741017,2,1
elo_default,15,Spurs,Brentford,0.361979436218995,0.2699932357076423,0.36802732807336275,A,H,Away Win,Home Win,False,1436.2202540213787,1499.0987217650775,-2.8784677436988204,2,0
elo_default,15,Wolves,Man Utd,0.30413310582614506,0.26711851601854236,0.42874837815531264,A,A,Away Win,Away Win,True,1345.2244661076288,1464.8799833953406,-59.655517287711746,1,4
elo_default,16,Arsenal,Wolves,0.7128205520917751,0.19233690009163826,0.09484254781658677,H,A,Home Win,Away Win,False,1626.8614190797946,1336.4706188309206,350.39080024887403,0,1
elo_default,16,Brentford,Leeds,0.5001710877502193,0.2575215186037742,0.2423073936460065,H,D,Home Win,Draw,False,1489.0382428465339,1423.137475780207,125.90076706632681,1,1
elo_default,16,Burnley,Fulham,0.3333259026475571,0.2692392645235471,0.39743483282889586,A,A,Away Win,Away Win,True,1387.4592868530578,1478.0180324321072,-30.5587455790494,2,3
elo_default,16,Chelsea,Everton,0.5004635815500847,0.2574691403297129,0.2420672781202023,H,H,Home Win,Home Win,True,1563.2101767326078,1497.0356196399737,126.17455709263413,2,0
elo_default,16,Crystal Palace,Man City,0.3658060854125709,0.2699995196316111,0.364194394955818,H,A,Home Win,Away Win,False,1530.6049267791338,1589.837859438226,0.7670673409079427,0,3
elo_default,16,Liverpool,Brighton,0.4631969068964597,0.2632934464024958,0.27350964670104444,H,H,Home Win,Home Win,True,1580.90942644493,1549.3922256061155,91.51720083881446,2,0
elo_default,16,Man Utd,Bournemouth,0.40277615311907305,0.26897168869250226,0.32825215818842474,H,D,Home Win,Draw,False,1473.6338306720488,1498.0913668666863,35.54246380536256,4,4
elo_default,16,Nott'm Forest,Spurs,0.48129378543253054,0.2606800916791785,0.2580261228882909,H,H,Home Win,Home Win,True,1494.5793638615014,1446.2807329399222,108.29863092157916,3,0
elo_default,16,Sunderland,Newcastle,0.36188435146172815,0.2699928026248136,0.3681228459134583,A,D,Away Win,Draw,False,1478.2179691972403,1541.1871560035815,-2.969186806341213,0,0
elo_default,16,West Ham,Aston Villa,0.2619216750901937,0.26138287132904253,0.47669545358076365,A,D,Away Win,Draw,False,1426.0032209249896,1590.0310490704294,-104.0278281454398,2,2
elo_default,17,Aston Villa,Man Utd,0.5518137110322996,0.24667207453225218,0.20151421443544823,H,H,Home Win,Home Win,True,1587.8833112855236,1472.8885907227423,174.99472056278137,2,1
elo_default,17,Bournemouth,Burnley,0.5577223331393583,0.24522720422236863,0.1970504626382731,H,D,Home Win,Draw,False,1498.8366068159928,1378.1003761548711,180.73623066112168,1,1
elo_default,17,Brighton,Sunderland,0.4970791619298976,0.2580688146668454,0.24485202340325704,H,D,Home Win,Draw,False,1541.2890982080696,1478.2803541417577,123.00874406631192,0,0
elo_default,17,Everton,Arsenal,0.30274980745475244,0.26698222356401313,0.4302679689812345,A,A,Away Win,Away Win,True,1489.6195826742726,1610.6816390370427,-61.062056362770136,0,1
elo_default,17,Fulham,Nott'm Forest,0.4129736236684096,0.2683523447345318,0.3186740315970586,H,H,Home Win,Home Win,True,1487.376943130294,1502.346687236059,45.03025589423487,1,0
elo_default,17,Leeds,Crystal Palace,0.32893236312060353,0.2690099701307904,0.402057666748606,A,H,Away Win,Home Win,False,1425.7161127212491,1520.5888098745663,-34.872697153317176,4,1
elo_default,17,Man City,West Ham,0.6085767263040276,0.23107739732904795,0.16034587636692438,H,H,Home Win,Home Win,True,1599.8539763427934,1428.1509587098953,231.70301763289808,3,0
elo_default,17,Newcastle,Chelsea,0.397370397741951,0.26924225176226585,0.3333873504957832,H,D,Home Win,Draw,False,1541.1247710590642,1570.626213698309,30.498557360755285,2,2
elo_default,17,Spurs,Liverpool,0.2744639459210876,0.26343903865626067,0.46209701542265186,A,A,Away Win,Away Win,True,1438.5134095653646,1589.0125538429759,-90.49914427761132,1,2
elo_default,17,Wolves,Brentford,0.29034150192730324,0.26560822990943894,0.4440502681632577,A,A,Away Win,Away Win,True,1352.6503988736724,1486.4596059054918,-73.80920703181937,0,2
elo_default,18,Arsenal,Brighton,0.5158564006356122,0.25456587483111975,0.22957772453326794,H,D,Home Win,Draw,False,1619.406457421778,1538.7668268228033,140.6396305989747,1,1
elo_default,18,Brentford,Bournemouth,0.4287884696912366,0.2671149592482315,0.30409657106053206,H,H,Home Win,Home Win,True,1494.9225182431323,1495.2298881109818,59.6926301321505,3,1
elo_default,18,Burnley,Everton,0.3245593916530178,0.2687507390146952,0.40668986933228696,A,D,Away Win,Draw,False,1381.707094859882,1480.8947642895373,-39.187669429655216,0,0
elo_default,18,Chelsea,Aston Villa,0.4042177157910869,0.26889274424884246,0.32688953996007053,H,A,Home Win,Away Win,False,1571.2660441707706,1594.380316319555,36.885727851215506,1,2
elo_default,18,Crystal Palace,Spurs,0.5146141789614018,0.2548108267570779,0.23057499428152034,H,A,Home Win,Away Win,False,1509.8575568382862,1430.3897402603802,139.46781657790598,0,1
elo_default,18,Liverpool,Wolves,0.6823224059512388,0.20505700585249917,0.11262058819626208,H,H,Home Win,Home Win,True,1597.1362231479602,1344.1874865360319,312.9487366119283,2,1
elo_default,18,Man Utd,Newcastle,0.35028003424455617,0.26983791770742016,0.3798820480480238,A,H,Away Win,Home Win,False,1466.3915856887108,1540.4849405866025,-14.093354897891686,1,0
elo_default,18,Nott'm Forest,Man City,0.311627812848837,0.26779939538681397,0.42057279176434903,A,A,Away Win,Away Win,True,1493.2896831567725,1605.3716678434223,-52.081984686649776,1,2
elo_default,18,Sunderland,Leeds,0.47704819972044027,0.2613298903541468,0.261621909925413,H,D,Home Win,Draw,False,1480.802625527024,1436.4473657575293,104.35525976949475,1,1
elo_default,18,West Ham,Fulham,0.3505838810325654,0.26984457673227824,0.3795715422351564,A,A,Away Win,Away Win,True,1422.6332672092665,1496.4339472095805,-13.80068000031406,0,1
elo_default,19,Arsenal,Aston Villa,0.44143375016645986,0.2658880649626278,0.29267818487091224,H,H,Home Win,Home Win,True,1616.5436706607545,1605.1535980778651,71.39007258288939,4,1
elo_default,19,Brentford,Spurs,0.49433526801465555,0.2585447132965835,0.24712001868876096,H,D,Home Win,Draw,False,1503.6755992568253,1443.230132107179,120.44546714964622,0,0
elo_default,19,Burnley,Newcastle,0.2771335992145696,0.2638370198740512,0.45902938091137924,A,A,Away Win,Away Win,True,1382.5283996366747,1530.1889204485678,-87.6605208118931,1,3
elo_default,19,Chelsea,Bournemouth,0.5088232929927634,0.25592808076078893,0.23524862624644777,H,D,Home Win,Draw,False,1560.4927624124605,1486.4768070972889,134.0159553151716,2,2
elo_default,19,Crystal Palace,Fulham,0.41926904044207136,0.26789976104400004,0.31283119851392865,H,D,Home Win,Draw,False,1497.0171649914873,1506.1440705975547,50.87309439393266,1,1
elo_default,19,Liverpool,Leeds,0.5999567560945178,0.23369201731520053,0.16635122659028173,H,D,Home Win,Draw,False,1601.4392049704104,1438.6016286554795,222.83757631493086,0,0
elo_default,19,Man Utd,Wolves,0.5740775627232441,0.2410114061284431,0.18491103114831284,H,D,Home Win,Draw,False,1476.6876058267455,1339.8845047135817,196.80310111316385,1,1
elo_default,19,Nott'm Forest,Everton,0.43377343950076064,0.2666562479659803,0.2995703125332591,H,A,Home Win,Away Win,False,1484.3791329459277,1480.0734595127446,64.30567343318307,0,2
elo_default,19,Sunderland,Man City,0.2885848135053454,0.26539130623582263,0.44602388025883194,A,D,Away Win,Draw,False,1478.6483626290737,1614.282218054267,-75.63385542519336,0,0
elo_default,19,West Ham,Brighton,0.29528040510637127,0.2661880868715035,0.4385315080221252,A,D,Away Win,Draw,False,1412.9231438212923,1541.6296135838268,-68.70646976253443,2,2
elo_default,20,Aston Villa,Nott'm Forest,0.5606613994582613,0.24449303482810428,0.19484556571363443,H,H,Home Win,Home Win,True,1596.6411537308206,1473.0371016762526,183.604052054568,3,1
elo_default,20,Bournemouth,Arsenal,0.28838323861240456,0.26536605368796734,0.44625070769962805,A,A,Away Win,Away Win,True,1489.212553764752,1625.056115007799,-75.8435612430469,2,3
elo_default,20,Brighton,Burnley,0.6028970004141128,0.2328101129052661,0.16429288668062114,H,H,Home Win,Home Win,True,1540.1971025546693,1374.3473574536429,225.84974510102643,2,0
elo_default,20,Everton,Brentford,0.41855628329569455,0.2679536705289365,0.3134900461753689,H,A,Home Win,Away Win,False,1491.4154907824197,1501.2034467635663,50.212044018853476,2,4
elo_default,20,Fulham,Liverpool,0.33400406895821355,0.26927189896913134,0.3967240320726551,A,D,Away Win,Draw,False,1507.208449016836,1597.103149675368,-29.894700658531974,2,2
elo_default,20,Leeds,Man Utd,0.39698844378592396,0.2692598411032206,0.33375171511085555,H,D,Home Win,Draw,False,1442.937683950522,1472.7959405109962,30.141743439525726,1,1
elo_default,20,Man City,Chelsea,0.48844335178088805,0.2595353910315,0.25202125718761204,H,D,Home Win,Draw,False,1612.7078273867323,1557.7570157449973,114.95081164173507,1,1
elo_default,20,Newcastle,Crystal Palace,0.47495981716501245,0.26164130002983255,0.2633988828051551,H,H,Home Win,Home Win,True,1538.3699626315997,1495.952786572206,102.4171760593938,2,0
elo_default,20,Spurs,Sunderland,0.3920037299297046,0.26947078340253927,0.33852548666775617,H,D,Home Win,Draw,False,1445.7022846004381,1480.2227532966085,25.479531303829617,1,1
elo_default,20,Wolves,West Ham,0.3539333951631529,0.2699086468215991,0.376157958015248,A,H,Away Win,Home Win,False,1343.776170029331,1414.3556548504498,-10.57948482111874,3,0
elo_default,21,Arsenal,Liverpool,0.46911874454234537,0.26248338809934124,0.2683978673583135,H,D,Home Win,Draw,False,1633.4774403169267,1596.4759500442237,97.001490272703,0,0
elo_default,21,Bournemouth,Spurs,0.4676316336783289,0.2626909577134166,0.2696774086082545,H,H,Home Win,Home Win,True,1480.7912284556244,1445.1675021678186,95.62372628780577,3,2
elo_default,21,Brentford,Sunderland,0.46317462306260054,0.26329641126066644,0.273528965676733,H,H,Home Win,Home Win,True,1512.2541091347696,1480.757535729228,91.49657340554154,3,0
elo_default,21,Burnley,Man Utd,0.3190106931164837,0.26837668050821184,0.4126126263753045,A,A,Away Win,Away Win,True,1368.7333985909777,1473.4283077977468,-44.694909206769125,1,2
elo_default,21,Crystal Palace,Aston Villa,0.30881565067516986,0.2675552339831194,0.4236291153417107,A,D,Away Win,Draw,False,1488.0683959158046,1602.9829953933743,-54.91459947756971,0,0
elo_default,21,Everton,Wolves,0.5634844596300189,0.243778178041545,0.1927373623284361,H,D,Home Win,Draw,False,1480.3648284112164,1353.998415657852,186.36641275336433,1,1
elo_default,21,Fulham,Chelsea,0.3731279072143821,0.2699514204618847,0.35692067232373326,H,H,Home Win,Home Win,True,1507.8356486479804,1560.1212366909301,7.714411957050288,2,1
elo_default,21,Man City,Brighton,0.4987088177320744,0.25778180809236306,0.2435093741755625,H,D,Home Win,Draw,False,1610.3436064407995,1545.8110614173345,124.53254502346499,1,1
elo_default,21,Newcastle,Leeds,0.5403594846152094,0.24935459907058008,0.21028591631421054,H,H,Home Win,Home Win,True,1546.254353288001,1442.3053166637712,163.94903662422985,4,3
elo_default,21,West Ham,Nott'm Forest,0.3623113443145262,0.2699946419218362,0.36769401376363764,A,A,Away Win,Away Win,True,1404.1334092219288,1466.695260013699,-2.561850791770212,0,2
elo_default,22,Aston Villa,Everton,0.5622703890445476,0.24408676602840276,0.19364284492704967,H,A,Home Win,Away Win,False,1601.834860746709,1476.6573574382005,185.17750330850845,0,1
elo_default,22,Brighton,Bournemouth,0.49337744157889385,0.2587086657996468,0.24791389262145933,H,D,Home Win,Draw,False,1548.3630558528996,1488.8116862049237,119.55136964797589,1,1
elo_default,22,Chelsea,Brentford,0.46147735562161596,0.26352038993328364,0.2750022544451004,H,H,Home Win,Home Win,True,1550.2833090398367,1520.357652560911,89.9256564789257,2,0
elo_default,22,Leeds,Fulham,0.34203395494795136,0.2696028797748475,0.38836316527720116,A,H,Away Win,Home Win,False,1435.6060523467813,1517.6735762990738,-22.067523952292504,1,0
elo_default,22,Liverpool,Burnley,0.6702173948079732,0.20978257837988123,0.12000002681214562,H,D,Home Win,Draw,False,1598.4831588160641,1359.6694179235658,298.81374089249834,1,1
elo_default,22,Man Utd,Man City,0.298599276380457,0.26655314133225366,0.4348475822872893,A,H,Away Win,Home Win,False,1482.4922884651587,1607.7916120052344,-65.29932354007565,2,0
elo_default,22,Nott'm Forest,Arsenal,0.2704170880306553,0.26280948142579436,0.4667734305435504,A,D,Away Win,Draw,False,1476.6414333192079,1631.4702315450863,-94.82879822587847,0,0
elo_default,22,Spurs,West Ham,0.47554464131725493,0.26155464145029517,0.26290071723244984,H,A,Home Win,Away Win,False,1437.1470444185193,1394.18723591642,102.95980850209935,1,2
elo_default,22,Sunderland,Crystal Palace,0.4112593381897554,0.2684663416828653,0.3202743201273794,H,H,Home Win,Home Win,True,1472.6539923030866,1489.2165305624699,43.437461740616754,2,1
elo_default,22,Wolves,Newcastle,0.2341878300584379,0.255678898090756,0.5101332718508061,A,D,Away Win,Draw,False,1357.705886630868,1552.953617604991,-135.247730974123,0,0
elo_default,23,Arsenal,Man Utd,0.5729149181680093,0.24132157993054973,0.18576350190144106,H,A,Home Win,Away Win,False,1629.5066681199573,1493.854771524227,195.65189659573025,1,3
elo_default,23,Bournemouth,Liverpool,0.32200876210407,0.2685851013737732,0.4094061365221568,A,H,Away Win,Home Win,False,1491.2663216944982,1592.9809851361058,-41.71466344160763,3,2
elo_default,23,Brentford,Nott'm Forest,0.4654653679213228,0.2629883527340038,0.2715462793446734,H,A,Home Win,Away Win,False,1512.222403572676,1478.6049967443369,93.6174068283392,0,2
elo_default,23,Burnley,Spurs,0.3651586287612308,0.26999998138839537,0.3648413898503738,H,D,Home Win,Draw,False,1365.1715916035241,1425.0206051776713,0.15098642585280686,2,2
elo_default,23,Crystal Palace,Chelsea,0.3459301094408615,0.26972703945646126,0.38434285110267735,A,A,Away Win,Away Win,True,1480.1263807430937,1558.4185580280716,-18.292177284977925,1,3
elo_default,23,Everton,Leeds,0.47696097130462206,0.2613430061019477,0.26169602259343017,H,D,Home Win,Draw,False,1490.3436328793755,1446.069344450074,104.27428842930158,1,1
elo_default,23,Fulham,Brighton,0.38754713389303724,0.269629930222841,0.3428229358841218,H,H,Home Win,Home Win,True,1507.2102841957812,1545.9084203633251,21.301863832456092,2,1
elo_default,23,Man City,Wolves,0.6677382148307051,0.21072807338211474,0.12153371178718031,H,H,Home Win,Home Win,True,1596.429128946166,1360.4653410487917,295.96378789737423,2,0
elo_default,23,Newcastle,Aston Villa,0.388339770636342,0.26960366835687655,0.34205656100678145,H,A,Home Win,Away Win,False,1550.1941631870673,1588.148585305534,22.04557788153329,0,2
elo_default,23,West Ham,Sunderland,0.34889293206794797,0.2698057214086899,0.3813013465233622,A,H,Away Win,Home Win,False,1406.3136751572679,1481.7441421224628,-15.43046696519491,3,1
elo_default,24,Aston Villa,Brentford,0.5344896192491979,0.25066859029403554,0.21484179045676666,H,A,Home Win,Away Win,False,1598.6114174018296,1500.2832126869096,158.32820471492005,0,1
elo_default,24,Brighton,Everton,0.48114965167036183,0.26070251854350046,0.2581478297861377,H,D,Home Win,Draw,False,1536.3556623434142,1488.1909833922637,108.16467895115056,1,1
elo_default,24,Chelsea,West Ham,0.5886845925777414,0.23697783631004657,0.17433757111221201,H,H,Home Win,Home Win,True,1568.0344306114534,1416.637759301822,211.39667130963153,3,2
elo_default,24,Leeds,Arsenal,0.25883122266189346,0.26082788127360446,0.48034089606450214,A,A,Away Win,Away Win,True,1448.2219939371857,1615.6351539572915,-107.4131600201058,0,4
elo_default,24,Liverpool,Newcastle,0.47491509150318284,0.26164790988023323,0.26343699861658393,H,H,Home Win,Home Win,True,1582.107011391925,1539.7313310907716,102.37568030115335,4,1
elo_default,24,Man Utd,Fulham,0.4193662501062,0.26789235594718364,0.31274139394661643,H,H,Home Win,Home Win,True,1507.7262856868929,1516.7630422156922,50.96324347120071,3,2
elo_default,24,Nott'm Forest,Crystal Palace,0.4507827823258205,0.264847647786393,0.2843695698877865,H,D,Home Win,Draw,False,1490.5441876301034,1470.510508159712,80.03367947039146,1,1
elo_default,24,Spurs,Man City,0.2511319871230496,0.25935944354459345,0.489508569332357,A,D,Away Win,Draw,False,1425.02377756678,1600.9670839157307,-115.94330634895073,2,2
elo_default,24,Sunderland,Burnley,0.5427563125422303,0.2488062207062607,0.20843746675150904,H,H,Home Win,Home Win,True,1471.4200579779088,1365.1684192144155,166.25163876349325,2,0
elo_default,24,Wolves,Bournemouth,0.278499992591772,0.26403544040009624,0.4574645670081318,A,A,Away Win,Away Win,True,1355.927386079227,1502.140295438679,-86.21290935945194,0,2
elo_default,25,Arsenal,Sunderland,0.5826556845664573,0.23867333577555294,0.17867097965798978,H,H,Home Win,Home Win,True,1623.4200572232655,1478.0768695200015,205.343187703264,3,0
elo_default,25,Bournemouth,Aston Villa,0.3492726277536445,0.26981482795634487,0.38091254429001065,A,D,Away Win,Draw,False,1510.3506496945154,1585.4149391139053,-15.06428941938998,1,1
elo_default,25,Brighton,Crystal Palace,0.49594727104897773,0.2582662459138097,0.24578648303721262,H,A,Home Win,Away Win,False,1534.125644124572,1472.1746402840922,121.95100384047987,0,1
elo_default,25,Burnley,West Ham,0.37314477627913495,0.2699512191957455,0.35690400452511967,H,A,Home Win,Away Win,False,1358.5116076723227,1410.7812295164772,7.7303781558455285,0,2
elo_default,25,Fulham,Everton,0.4479431798104441,0.2651755430073834,0.28688127718217243,H,A,Home Win,Away Win,False,1507.829290777288,1490.4210016111058,77.40828916618216,0,1
elo_default,25,Leeds,Nott'm Forest,0.37719313592335657,0.26989099019353957,0.3529158738831038,H,H,Home Win,Home Win,True,1440.4370906712118,1488.880055505723,11.557035165488742,3,1
elo_default,25,Liverpool,Man City,0.4198468562849992,0.2678555595240304,0.3122975841909704,H,A,Home Win,Away Win,False,1589.992230463059,1598.5833180936377,51.40891236942139,1,2
elo_default,25,Man Utd,Spurs,0.5249580602829044,0.2527143427201978,0.22232759699689789,H,H,Home Win,Home Win,True,1516.660037125297,1427.407543388873,149.25249373642419,2,0
elo_default,25,Newcastle,Brentford,0.4489795133638139,0.26505707330348466,0.2859634133327015,H,A,Home Win,Away Win,False,1531.8461120196375,1513.4796909748338,78.3664210448037,2,3
elo_default,25,Wolves,Chelsea,0.20849967967461275,0.24882482225450525,0.542675498070882,A,A,Away Win,Away Win,True,1347.7170318233907,1573.8909603967982,-166.17392857340747,1,3
elo_default,26,Aston Villa,Brighton,0.4975773992783087,0.2579814122697792,0.2444411884519121,H,D,Home Win,Draw,False,1585.0985399485417,1521.6240362444544,123.47450370408728,0,0
elo_default,26,Brentford,Arsenal,0.31943711034898925,0.26840723364006497,0.41215565601094567,A,D,Away Win,Draw,False,1525.109851975145,1629.3802101741808,-44.270358199035854,1,1
elo_default,26,Chelsea,Leeds,0.5675465303783899,0.24273296871917024,0.18972050090244,H,D,Home Win,Draw,False,1580.5492022128356,1450.1943180508092,190.35488416202634,2,2
elo_default,26,Crystal Palace,Burnley,0.5735969576232111,0.24113981789010605,0.18526322448668298,H,D,Home Win,Draw,False,1484.67624816421,1348.3491999547825,196.3270482094274,2,2
elo_default,26,Everton,Bournemouth,0.41979903734072666,0.2678592344838142,0.31234172817545913,H,A,Home Win,Away Win,False,1502.0316206373884,1510.667048859879,51.364571777509354,1,2
elo_default,26,Man City,Fulham,0.5502084145470277,0.24705744958254353,0.2027341358704287,H,H,Home Win,Home Win,True,1609.658810814578,1496.2186717510053,173.4401390635726,3,0
elo_default,26,Nott'm Forest,Wolves,0.5753493344056632,0.24067028212582772,0.18398038346850906,H,D,Home Win,Draw,False,1479.1228281261256,1341.0587900073533,198.06403811877226,0,0
elo_default,26,Spurs,Newcastle,0.3239587031991081,0.2687126923076868,0.407328604493205,A,A,Away Win,Away Win,True,1420.433848021733,1520.2159510193264,-39.78210299759348,1,2
elo_default,26,Sunderland,Liverpool,0.31689966991635804,0.268220960258437,0.41487936982520496,A,A,Away Win,Away Win,True,1472.1167165690863,1578.9167377421188,-46.80002117303252,0,1
elo_default,26,West Ham,Man Utd,0.3210262888181031,0.2685184409645903,0.41045527021730666,A,D,Away Win,Draw,False,1420.9436372340174,1523.633732492437,-42.69009525841966,1,1
elo_default,26,Wolves,Arsenal,0.16261767644395472,0.23208144844700337,0.605300875109042,A,D,Away Win,Draw,False,1341.0587900073533,1629.3802101741808,-228.32142016682747,2,2
elo_default,27,Aston Villa,Leeds,0.5657558327089673,0.2431961471851091,0.19104802010592362,H,D,Home Win,Draw,False,1582.5671778402777,1453.9725783455688,188.59459949470897,1,1
elo_default,27,Brentford,Brighton,0.431153572881704,0.2669013928592546,0.30194503425904146,H,A,Home Win,Away Win,False,1526.0370374317645,1524.1553983527183,61.88163907904618,0,2
elo_default,27,Chelsea,Burnley,0.657671282939715,0.2144898634915646,0.12783885356872046,H,D,Home Win,Draw,False,1576.770941918076,1352.2325372861478,284.5384046319282,1,1
elo_default,27,Crystal Palace,Wolves,0.5686016399806523,0.24245827360976901,0.1889400864095788,H,H,Home Win,Home Win,True,1480.7929108328447,1349.3993115033757,191.393599329469,1,0
elo_default,27,Everton,Man Utd,0.3949298368240596,0.26935115328102877,0.3357190098949116,H,A,Home Win,Away Win,False,1490.9570475457358,1522.739442678445,28.217604867290902,0,1
elo_default,27,Man City,Newcastle,0.5223736131604915,0.25325023721532797,0.22437614962418068,H,H,Home Win,Home Win,True,1616.184068027812,1529.3822520063854,146.80181602142648,2,1
elo_default,27,Nott'm Forest,Liverpool,0.31098572277355147,0.2677448361391734,0.42126944108727515,A,A,Away Win,Away Win,True,1475.209138616754,1587.9369407430304,-52.7278021262764,0,1
elo_default,27,Spurs,Arsenal,0.21941679765394928,0.2519353325239732,0.5286478698220776,A,A,Away Win,Away Win,True,1411.267547034674,1624.0261927309102,-152.75864569623627,1,4
elo_default,27,Sunderland,Fulham,0.4004818714141509,0.2690914430048143,0.3304266855810347,H,A,Home Win,Away Win,False,1463.0965135681747,1489.6934145377713,33.40309903040338,1,3
elo_default,27,West Ham,Bournemouth,0.3238358842849013,0.26870484029053554,0.4074592754245632,A,D,Away Win,Draw,False,1421.8379270480095,1521.7416219515317,-39.90369490352214,0,0
elo_default,28,Arsenal,Chelsea,0.49328089348438064,0.2587251296489786,0.24799397686664093,H,H,Home Win,Home Win,True,1630.933882009229,1571.472617624366,119.46126438486294,2,0
elo_default,28,Bournemouth,Sunderland,0.502956347278801,0.25701851504937706,0.24002513767182196,H,D,Home Win,Draw,False,1520.905388040135,1452.3959617098435,128.5094263302915,1,1
elo_default,28,Brighton,Nott'm Forest,0.5036242687119883,0.25689648648390273,0.23947924480410904,H,H,Home Win,Home Win,True,1535.4474837389448,1466.3119757998911,129.1355079390537,2,1
elo_default,28,Burnley,Brentford,0.2682007031590415,0.2624511166620378,0.4693481801789207,A,A,Away Win,Away Win,True,1357.5308615798579,1514.744952045538,-97.2140904656801,2,4
elo_default,28,Fulham,Spurs,0.5320863888315115,0.25119466615407315,0.21671894501441538,H,H,Home Win,Home Win,True,1500.3939663961025,1404.3598577563553,156.03410863974727,2,1
elo_default,28,Leeds,Man City,0.26058954352081587,0.26114603179923035,0.4782644246799539,A,A,Away Win,Away Win,True,1457.7196564715991,1623.2040933924488,-105.4844369208497,0,1
elo_default,28,Liverpool,West Ham,0.6109473020523069,0.23034284297285032,0.15870985497484288,H,H,Home Win,Home Win,True,1596.8341035598933,1422.6741609594062,234.15994260048706,4,2
elo_default,28,Man Utd,Crystal Palace,0.479180568374732,0.26100632300649107,0.25981310861877704,H,H,Home Win,Home Win,True,1533.3315509477363,1486.9962952971339,106.33525565060245,2,1
elo_default,28,Newcastle,Everton,0.47450722324419287,0.2617080722351793,0.2637847045206279,H,A,Home Win,Away Win,False,1522.3622266417485,1480.3649392764444,101.99728736530415,2,3
elo_default,28,Wolves,Aston Villa,0.20102163476646892,0.24651532102250906,0.552463044211022,A,H,Away Win,Home Win,False,1343.1959270390864,1578.8200997142474,-175.62417267516093,2,0
elo_default,29,Aston Villa,Chelsea,0.43061172698411393,0.26695097051119765,0.3024373025046886,H,A,Home Win,Away Win,False,1565.3056856198018,1563.9254867905433,61.38019882925846,1,4
elo_default,29,Bournemouth,Brentford,0.424306965347389,0.26749940015689544,0.3081936344957156,H,D,Home Win,Draw,False,1518.2760759440653,1522.733477275339,55.542598668726214,0,0
elo_default,29,Brighton,Arsenal,0.32811763934511745,0.26896402929666097,0.40291833135822164,A,A,Away Win,Away Win,True,1542.806033499866,1638.4810128430515,-35.67497934318544,0,1
elo_default,29,Everton,Burnley,0.5802400645836918,0.23934057350909976,0.1804193619072085,H,H,Home Win,Home Win,True,1492.47216446368,1349.5423363500568,202.92982811362322,2,0
elo_default,29,Fulham,West Ham,0.52579157546177,0.2525397971855161,0.22166862735271395,H,A,Home Win,Away Win,False,1507.2402919579315,1417.1965354301808,150.0437565277507,0,1
elo_default,29,Leeds,Sunderland,0.4235822000967327,0.26755907578111887,0.3088587241221484,H,A,Home Win,Away Win,False,1449.8964052831905,1455.0252738059132,54.87113147727723,0,1
elo_default,29,Man City,Nott'm Forest,0.6089351077814296,0.23096677764200452,0.16009811457656598,H,D,Home Win,Draw,False,1631.0273445808575,1458.9534260389698,232.07391854188768,2,2
elo_default,29,Newcastle,Man Utd,0.39589198658599595,0.26930920906758105,0.33479880434642295,H,H,Home Win,Home Win,True,1510.255001454513,1541.1378763501768,29.117125104336083,2,1
elo_default,29,Spurs,Crystal Palace,0.342436877280125,0.269616815497867,0.3879463072220079,A,A,Away Win,Away Win,True,1397.5135321945263,1479.1899698946934,-21.67643770016707,1,3
elo_default,29,Wolves,Liverpool,0.19331968503364602,0.24397690265796274,0.5627034123083913,A,H,Away Win,Home Win,False,1356.710341133532,1602.3117290891187,-185.6013879555867,2,1
elo_default,30,Arsenal,Everton,0.5865606445433715,0.2375800719953036,0.17585928346132487,H,H,Home Win,Home Win,True,1647.7330059229205,1498.473957436915,209.25904848600544,2,0
elo_default,30,Brentford,Wolves,0.5907595946481949,0.23638430805302862,0.17285609729877638,H,D,Home Win,Draw,False,1523.8946105838559,1370.4041784062795,213.4904321775764,2,2
elo_default,30,Burnley,Bournemouth,0.25325738765552114,0.25977719410088745,0.4869654182435914,A,D,Away Win,Draw,False,1343.5405433768217,1517.1149426355485,-113.57439925872677,0,0
elo_default,30,Chelsea,Newcastle,0.4891006185449558,0.2594269919235515,0.2514723895314927,H,A,Home Win,Away Win,False,1575.2072310353376,1519.6440696321172,115.56316140322042,0,1
elo_default,30,Crystal Palace,Leeds,0.48310855959025006,0.26039551552341184,0.25649592488633816,H,D,Home Win,Draw,False,1488.7348755952746,1438.7491705234447,109.9857050718299,0,0
elo_default,30,Liverpool,Spurs,0.6359762303254208,0.22217756473452854,0.14184620494005068,H,D,Home Win,Draw,False,1588.6178918163712,1387.968626493945,260.6492653224261,1,1
elo_default,30,Man Utd,Aston Villa,0.4051186506494067,0.2688419604360881,0.32603938891450523,H,H,Home Win,Home Win,True,1531.7488081725726,1554.0239413750076,37.72486679756503,3,1
elo_default,30,Nott'm Forest,Fulham,0.39602637334115487,0.26930324810180084,0.3346703785570443,H,D,Home Win,Draw,False,1463.4417959710186,1494.199062476841,29.242733494177628,0,0
elo_default,30,Sunderland,Brighton,0.3572682320547061,0.2699555219421082,0.3727762460031858,A,A,Away Win,Away Win,True,1466.172508565659,1533.5540404199971,-7.381531854338164,0,1
elo_default,30,West Ham,Man City,0.23328282311647947,0.2554642742669098,0.5112529026166107,A,D,Away Win,Draw,False,1430.2377649112714,1626.5389746488088,-136.30120973753742,1,1
elo_default,31,Aston Villa,West Ham,0.5485094780354921,0.2474619613507648,0.20402856061374325,H,H,Home Win,Home Win,True,1544.8147339923567,1433.0174657062728,171.79726828608386,2,0
elo_default,31,Bournemouth,Man Utd,0.400928634975311,0.2690686914232044,0.3300026736014846,H,H,Home Win,Home Win,True,1514.7778623296679,1540.9580155552235,33.819846774444386,2,1
elo_default,31,Brighton,Liverpool,0.3858648274877434,0.2696827276944477,0.34445244481780896,H,H,Home Win,Home Win,True,1543.3989602805123,1583.6765915625174,19.72236871799487,2,1
elo_default,31,Everton,Chelsea,0.35427657504029464,0.2699142473762172,0.3758091775834882,A,H,Away Win,Home Win,False,1492.5809710477356,1562.830948745203,-10.24997769746733,3,0
elo_default,31,Fulham,Burnley,0.586238188594286,0.23767103477179394,0.17609077663391998,H,H,Home Win,Home Win,True,1494.812622424682,1345.8776236827023,208.93499874197983,3,1
elo_default,31,Leeds,Brentford,0.3455082514829897,0.2697147340456737,0.38477701447133666,A,D,Away Win,Draw,False,1441.0152968704838,1519.7155756103616,-18.70027873987783,0,0
elo_default,31,Newcastle,Sunderland,0.5106063323693559,0.2555884016973485,0.23380526593329562,H,A,Home Win,Away Win,False,1532.0203519222518,1456.3275887051439,135.692763217108,1,2
elo_default,31,Spurs,Nott'm Forest,0.35462210691207413,0.2699197058978176,0.37545818719010826,A,A,Away Win,Away Win,True,1392.9099267477989,1462.8282360231774,-9.918309275378533,0,3
elo_default,32,Arsenal,Bournemouth,0.5667356653601193,0.2429431772068512,0.1903211574330294,H,A,Home Win,Away Win,False,1653.6259923121,1524.0686027159295,189.55738959617042,1,2
elo_default,32,Brentford,Everton,0.4469895028344124,0.26528334517903085,0.28772715198655685,H,D,Home Win,Draw,False,1519.322887980478,1502.7962970731676,76.52659090731049,2,2
elo_default,32,Burnley,Brighton,0.21921255474986648,0.2518798908729245,0.528907554377209,A,A,Away Win,Away Win,True,1339.979097802306,1552.984836453813,-153.00573865150704,0,2
elo_default,32,Chelsea,Man City,0.353346052301279,0.26989864685693155,0.37675530084178943,A,A,Away Win,Away Win,True,1552.615622719771,1623.7592738538074,-11.143651134036418,0,3
elo_default,32,Crystal Palace,Newcastle,0.3938594231565627,0.26939630221357574,0.3367442746298615,H,H,Home Win,Home Win,True,1486.4687492482356,1519.2523412578912,27.21640799034435,2,1
elo_default,32,Liverpool,Fulham,0.5081461458744059,0.2560560707212311,0.235797783404363,H,H,Home Win,Home Win,True,1574.0907153892167,1500.7111483050785,133.37956708413822,2,0
elo_default,32,Man Utd,Leeds,0.5260185383418429,0.25249212448150427,0.22148933717665292,H,A,Home Win,Away Win,False,1531.6672751689619,1441.4079845003673,150.25929066859453,1,2
elo_default,32,Nott'm Forest,Aston Villa,0.3454568143672657,0.26971321479867494,0.3848299708340593,A,H,Away Win,Home Win,False,1472.619875220397,1551.3699248181392,-18.75004959774219,1,0
elo_default,32,Sunderland,Spurs,0.5215031322050506,0.25342892484339774,0.22506794295155153,H,H,Home Win,Home Win,True,1469.0955993695045,1383.1182875505792,145.97731181892527,1,0
elo_default,32,West Ham,Wolves,0.4851440052848012,0.260071487815078,0.2547845069001208,H,H,Home Win,Home Win,True,1426.4622748804902,1374.5832133797737,111.87906150071649,4,0
elo_default,33,Aston Villa,Sunderland,0.4990427763614299,0.2577225923008106,0.24323463133775947,H,H,Home Win,Home Win,True,1540.9761932534714,1476.1312474769695,124.84494577650185,4,3
elo_default,33,Bournemouth,Leeds,0.518757308595639,0.2539865909775575,0.22725610042680366,H,H,Home Win,Home Win,True,1537.8327477952005,1454.4532765120193,143.37947128318115,2,1
elo_default,33,Brentford,Fulham,0.45539170303167503,0.2642934942220775,0.28031480274624737,H,D,Home Win,Draw,False,1517.7302644719996,1493.434631929779,84.29563254222057,0,0
elo_default,33,Brighton,Chelsea,0.4475428481379649,0.26522093819885806,0.28723621366317714,H,H,Home Win,Home Win,True,1559.8878864575395,1542.8497152051762,77.03817125236333,3,0
elo_default,33,Burnley,Man City,0.15457779576801914,0.22844382684355508,0.6169783773884258,A,A,Away Win,Away Win,True,1333.0760477985793,1633.5251813684022,-240.44913356982283,0,1
elo_default,33,Chelsea,Man Utd,0.45531828572020344,0.26430253384777064,0.2803791804320258,H,A,Home Win,Away Win,False,1542.8497152051762,1518.6219831573098,84.22773204786631,0,1
elo_default,33,Crystal Palace,West Ham,0.49572025219009797,0.25830565511429115,0.24597409269561088,H,D,Home Win,Draw,False,1495.8975977629686,1434.1586798966434,121.73891786632521,0,0
elo_default,33,Everton,Liverpool,0.3472893936928441,0.2697648175127666,0.3829457887943894,A,A,Away Win,Away Win,True,1504.388920581646,1581.3672317645162,-16.97831118287013,1,2
elo_default,33,Leeds,Wolves,0.5231804704300158,0.25308379526508357,0.22373573430490062,H,H,Home Win,Home Win,True,1454.4532765120193,1366.8868083636205,147.56646814839883,3,0
elo_default,33,Man City,Arsenal,0.42227879203158836,0.26766464020804087,0.3100565677603708,H,H,Home Win,Home Win,True,1633.5251813684022,1639.861847232829,53.66333413557322,2,1
elo_default,33,Newcastle,Bournemouth,0.3989683934663976,0.26916647093703167,0.33186513559657077,H,A,Home Win,Away Win,False,1509.823492743158,1537.8327477952005,31.990744947957637,1,2
elo_default,33,Nott'm Forest,Burnley,0.5872354102760484,0.23738932557243406,0.17537526415151755,H,H,Home Win,Home Win,True,1483.013606785065,1333.0760477985793,209.93755898648556,4,1
elo_default,33,Spurs,Brighton,0.2441496860370336,0.25791917360600564,0.49793114035696084,A,D,Away Win,Draw,False,1376.0826394431142,1559.8878864575395,-123.80524701442528,2,2
elo_default,34,Arsenal,Newcastle,0.5690462154884817,0.2423421337607868,0.1886116507507315,H,H,Home Win,Home Win,True,1630.9840694755412,1499.1524601644599,191.83160931108137,1,0
elo_default,34,Fulham,Aston Villa,0.3721275630349688,0.26996261554194606,0.3579098214230852,H,H,Home Win,Home Win,True,1495.1854009326332,1548.4181118032348,6.767289129398478,1,0
elo_default,34,Liverpool,Crystal Palace,0.5337382618452325,0.25083380842986197,0.2154279297249054,H,H,Home Win,Home Win,True,1591.0106678135007,1493.4001361680237,157.61053164547707,3,1
elo_default,34,Man Utd,Brentford,0.444680504892527,0.2655395050161435,0.28977999009132954,H,H,Home Win,Home Win,True,1530.3713742101916,1515.9794954691454,74.39187874104618,2,1
elo_default,34,Sunderland,Nott'm Forest,0.4073417373263118,0.2687119042071525,0.32394635846653563,H,A,Home Win,Away Win,False,1468.6893289272061,1488.8950053238195,39.7943236033866,0,4
elo_default,34,West Ham,Everton,0.3670087273121363,0.2699970196328119,0.3629942530550519,H,H,Home Win,Home Win,True,1436.6561414915884,1494.7454845326615,1.910656958926893,2,1
elo_default,34,Wolves,Spurs,0.40891810120859945,0.26861560128217615,0.3224662975092244,H,A,Home Win,Away Win,False,1359.8812557248716,1378.6204539863136,41.26080173855803,0,1
elo_default,35,Arsenal,Fulham,0.569355554377698,0.2422611843844977,0.18838326123780427,H,H,Home Win,Home Win,True,1637.1797238281638,1505.0432235165144,192.13650031164934,3,0
elo_default,35,Aston Villa,Spurs,0.5863778323353561,0.23763165730715025,0.17599051035749375,H,A,Home Win,Away Win,False,1538.5602892193535,1389.4849720233074,209.07531719604617,1,2
elo_default,35,Bournemouth,Crystal Palace,0.5034856209789227,0.25692186196314,0.23959251705793733,H,H,Home Win,Home Win,True,1555.5887682922105,1486.583239489227,129.00552880298346,2,0
elo_default,35,Brentford,West Ham,0.4948354463980424,0.25845865004022384,0.2467059035617338,H,H,Home Win,Home Win,True,1507.5285006171573,1446.6159967490175,120.91250386813977,2,0
elo_default,35,Chelsea,Nott'm Forest,0.4539630835809302,0.2644681625031474,0.28156875391592245,H,A,Home Win,Away Win,False,1522.7033904970422,1499.7289591124172,82.97443138462495,1,3
elo_default,35,Everton,Man City,0.26286996451771283,0.26154927544547935,0.47558076003680777,A,D,Away Win,Draw,False,1484.7856292752324,1647.778953309486,-102.99332403425365,3,3
elo_default,35,Leeds,Burnley,0.5697801842614337,0.24214988009743912,0.18806993564112726,H,H,Home Win,Home Win,True,1454.3738412324565,1321.8186550760288,192.55518615642768,3,1
elo_default,35,Man Utd,Liverpool,0.36604549864034475,0.2699991920535586,0.36395530930609665,H,H,Home Win,Home Win,True,1538.8223690621796,1597.8275644922974,0.9948045698822625,3,2
elo_default,35,Newcastle,Brighton,0.3516335614962147,0.2698664951824898,0.37849994332129555,A,H,Away Win,Home Win,False,1492.9568058118373,1565.7470055695924,-12.79019975775509,3,1
elo_default,35,Wolves,Sunderland,0.31486068816577173,0.26806347106962547,0.41707584076460286,A,D,Away Win,Draw,False,1349.0167376878778,1457.8553751386085,-48.83863745073063,1,1
elo_default,36,Brighton,Wolves,0.6403950264390096,0.22065792728623612,0.13894704627475427,H,H,Home Win,Home Win,True,1555.4783417513415,1350.0388892138662,265.4394525374753,3,0
elo_default,36,Burnley,Aston Villa,0.22268773923010832,0.2528092900282072,0.5245029707416846,A,D,Away Win,Draw,False,1315.635757562232,1524.4564159995748,-148.8206584373429,2,2
elo_default,36,Crystal Palace,Everton,0.4208181306553496,0.26778025506898046,0.31140161427566987,H,D,Home Win,Draw,False,1479.222170528437,1486.9127372304233,52.30943329801357,2,2
elo_default,36,Fulham,Bournemouth,0.36070296307864597,0.2699862975003108,0.36931073942104325,A,A,Away Win,Away Win,True,1498.8529464479134,1562.9498372530006,-4.0968908050872415,0,1
elo_default,36,Liverpool,Chelsea,0.5118560832030977,0.25534802009258245,0.23279589670431977,H,D,Home Win,Draw,False,1587.8484663856398,1510.979447200392,136.86901918524768,1,1
elo_default,36,Man City,Brentford,0.567800334024647,0.24266701230408022,0.1895326536712728,H,H,Home Win,Home Win,True,1645.6518453542951,1515.0472051887941,190.604640165501,3,0
elo_default,36,Man City,Crystal Palace,0.6034617365902172,0.23263954746089824,0.16389871594888464,H,H,Home Win,Home Win,True,1645.6518453542951,1479.222170528437,226.42967482585823,3,0
elo_default,36,Nott'm Forest,Newcastle,0.43801349379005405,0.2662404867835767,0.29574601942636913,H,D,Home Win,Draw,False,1511.4529024090673,1503.2254696300881,68.22743277897916,1,1
elo_default,36,Spurs,Leeds,0.3681890976720159,0.2699924943619476,0.3618184079660365,H,D,Home Win,Draw,False,1403.588845243086,1460.5567387462534,3.032106496832739,1,1
elo_default,36,Sunderland,Man Utd,0.33188807111662816,0.26916764029732226,0.39894428858604963,A,D,Away Win,Draw,False,1456.83322361262,1548.8014671688372,-31.968243556217203,0,0
elo_default,36,West Ham,Arsenal,0.2265022811545772,0.25379576204732757,0.5197019567980953,A,A,Away Win,Away Win,True,1439.0972921773807,1643.3700008967649,-144.27270871938413,0,1
elo_default,37,Arsenal,Burnley,0.7438469761232117,0.17816581701700301,0.07798720685978532,H,H,Home Win,Home Win,True,1650.4380041403297,1318.6539098773476,391.7840942629821,1,0
elo_default,37,Aston Villa,Liverpool,0.3612028420273089,0.26998930413001465,0.36880785384267656,A,H,Away Win,Home Win,False,1521.4382636844591,1585.057864520652,-3.6196008361928307,4,2
elo_default,37,Bournemouth,Man City,0.33941865832457346,0.26950624660024225,0.3910750950751844,A,D,Away Win,Draw,False,1572.8637594895768,1657.473538344348,-24.60977885477132,1,1
elo_default,37,Brentford,Crystal Palace,0.4683683744554489,0.26258847094044935,0.2690431546041019,H,D,Home Win,Draw,False,1508.829881992328,1472.5236355710533,96.30624642127464,2,2
elo_default,37,Chelsea,Spurs,0.5469018422562364,0.24784156775700353,0.20525658998676008,H,H,Home Win,Home Win,True,1513.77004906538,1403.5251383460263,170.24491071935358,2,1
elo_default,37,Everton,Sunderland,0.4621013073881064,0.26343847349904725,0.2744602191128463,H,A,Home Win,Away Win,False,1488.00690239422,1457.5037857873142,90.5031166069059,1,3
elo_default,37,Leeds,Brighton,0.32389676893588454,0.2687087358407985,0.4073944952233169,A,H,Away Win,Home Win,False,1460.6204456433131,1560.4638619496989,-39.843416306385734,1,0
elo_default,37,Man Utd,Nott'm Forest,0.4703048615541262,0.2623158428836714,0.2673792955622025,H,H,Home Win,Home Win,True,1548.130904994143,1510.0302276654304,98.10067732871266,3,2
elo_default,37,Newcastle,West Ham,0.5073363991548222,0.25620839304920534,0.23645520779597248,H,H,Home Win,Home Win,True,1504.648144373725,1432.029288933816,132.6188554399091,3,1
elo_default,37,Wolves,Fulham,0.2807036196346677,0.26434797112435365,0.4549484092409786,A,D,Away Win,Draw,False,1345.053369015509,1488.9390242113373,-83.88565519582835,1,1
elo_default,38,Brighton,Man Utd,0.4221319410294066,0.26767639225313944,0.3101916667174541,H,A,Home Win,Away Win,False,1549.6288846868244,1556.1016493342238,53.527235352600655,0,3
elo_default,38,Burnley,Wolves,0.3952497005962815,0.2693373519871503,0.33541294741656813,H,D,Home Win,Draw,False,1315.3125075699818,1346.795816911572,28.516690658409743,1,1
elo_default,38,Crystal Palace,Arsenal,0.24817067043243016,0.25876140585126084,0.493067923716309,A,A,Away Win,Away Win,True,1474.516887769567,1653.7794064476955,-119.26251867812857,1,2
elo_default,38,Fulham,Newcastle,0.40247016172304,0.26898807883204306,0.32854175944491704,H,H,Home Win,Home Win,True,1487.1965763152741,1511.9393324601365,35.25724385513763,2,0
elo_default,38,Liverpool,Brentford,0.5025676657080046,0.2570892766760658,0.24034305761592967,H,D,Home Win,Draw,False,1574.9818144024982,1506.8366297938144,128.14518460868385,1,1
elo_default,38,Man City,Aston Villa,0.5625412842195463,0.24401806265219048,0.1934406531282632,H,A,Home Win,Away Win,False,1656.956973976842,1531.5143138026128,185.4426601742291,1,2
elo_default,38,Nott'm Forest,Bournemouth,0.3531616447926237,0.2698953990764067,0.3769429561309696,A,D,Away Win,Draw,False,1502.0594833253497,1573.3803238570829,-11.32084053173321,1,1
elo_default,38,Spurs,Everton,0.3450033792185349,0.2696996447523616,0.38529697602910357,A,H,Away Win,Home Win,False,1396.941590868721,1476.1304915114674,-19.188900642746376,1,0
elo_default,38,Sunderland,Chelsea,0.3745149196204341,0.26993349200163996,0.35555158837792605,H,D,Home Win,Draw,False,1469.3801966700669,1520.3535965426852,9.026600127381698,1,1
elo_default,38,West Ham,Leeds,0.3790221225959032,0.2698560205333154,0.3511218568707814,H,H,Home Win,Home Win,True,1424.7381008474044,1471.4554229061876,13.282677941216889,3,0
